Arrondissement,nb_logmt_total_finance
18,6
12,24
7,15
15,92
3,16
3,39
17,121
15,55
12,35
20,20
9,28
20,1
12,9
18,3
15,4
18,32
10,67
10,15
10,25
12,13
16,2
5,2
20,16
13,23
20,7
18,25
12,23
18,9
11,300
15,5
14,20
12,41
19,56
13,49
11,3
18,1
15,50
12,8
20,4
13,5
13,3
18,6
18,4
14,2
19,7
20,10
2,10
7,11
12,141
10,66
15,10
18,3
18,6
20,303
12,27
13,10
12,14
12,1
15,1
1,8
1,12
11,22
13,72
5,1
17,1
17,3
18,100
20,10
20,6
20,20
5,17
3,4
12,1
12,1
17,29
16,16
16,1
17,1
11,14
17,2
15,2
20,1
20,2
15,1
19,1
13,109
12,92
17,12
1,25
5,2
18,2
12,1
15,1
20,1
13,100
18,4
16,1
11,18
14,8
10,14
19,17
18,5
19,1
15,2
18,4
18,1
17,20
15,1
20,1
1,36
16,24
20,12
15,60
12,22
12,2
20,9
15,2
15,1
6,55
5,14
19,36
18,10
19,95
20,2
11,12
9,20
18,1
20,2
17,16
17,100
17,1
10,23
19,25
19,19
12,28
15,2
16,45
20,2
10,7
14,86
20,52
10,43
20,8
17,74
15,258
15,16
3,24
19,1
12,39
14,9
18,90
18,106
20,56
10,47
17,1
19,13
13,12
16,9
19,54
17,849
19,12
10,12
20,130
18,3
16,17
17,1
13,4
11,1
14,63
20,26
20,94
20,18
13,32
18,7
10,24
15,16
1,1
3,1
11,1
18,2
18,17
3,20
18,15
18,1
17,1
13,1
13,75
14,16
14,1
4,1
5,5
12,3
17,1
12,4
12,36
14,25
2,17
19,71
20,118
9,17
10,14
13,1
11,18
14,1
20,1
6,63
5,4
18,5
13,4
19,86
14,16
5,18
3,1
13,73
5,12
11,15
18,7
12,45
6,6
19,36
13,163
13,35
17,24
19,8
19,10
17,4
19,12
5,11
15,52
4,23
9,25
13,38
13,37
2,15
14,6
20,4
12,32
11,3
18,56
20,11
20,2
19,15
20,47
15,1
18,2
18,21
18,8
2,8
4,11
18,2
4,15
18,12
13,32
13,9
8,12
3,6
5,29
11,3
14,10
20,5
20,15
10,28
18,22
18,4
12,28
12,1
20,11
18,7
13,5
1,8
19,25
4,20
4,9
17,3
20,7
15,12
15,5
10,72
20,7
19,1
10,26
15,56
16,37
17,2
10,16
19,6
15,5
18,1
20,1
18,27
20,6
12,2
14,8
11,11
17,5
14,156
14,13
19,26
19,21
13,1
18,3
18,1
18,14
20,1
19,15
13,118
3,21
7,27
17,2
13,92
11,24
4,14
6,19
11,8
17,24
14,298
13,62
5,79
17,1
13,25
15,1
13,277
19,62
10,1
11,2
20,1
18,40
14,24
13,75
20,1
13,72
19,61
20,22
9,37
18,111
1,16
20,3
3,12
9,17
16,11
20,85
18,12
20,29
10,1
17,1
7,18
14,2
14,62
17,28
17,7
20,5
5,1
20,17
17,5
20,94
12,77
13,1
15,1
17,1
15,40
18,22
2,9
12,24
18,73
20,42
18,6
18,7
20,14
14,300
14,5
19,10
12,15
20,1
20,10
6,4
11,7
18,53
18,1
18,29
18,29
20,32
10,12
18,67
12,2
17,7
17,7
20,1
10,31
13,1
20,1
17,1
12,1
17,2
13,3
9,9
16,1
13,1
15,62
20,261
19,11
12,4
8,1
7,2
19,34
16,1
18,22
12,32
18,20
4,6
12,11
12,12
20,28
18,11
19,3
10,14
13,134
15,5
12,1
12,1
14,1
16,9
13,1
11,27
20,20
18,56
16,15
13,2
20,11
17,25
12,64
12,164
7,14
16,17
12,24
18,5
20,13
15,36
5,1
13,35
5,4
9,16
13,56
17,85
5,5
19,7
18,5
19,14
17,22
12,63
2,8
18,8
18,12
20,4
12,13
16,8
20,13
14,368
12,20
17,11
16,25
20,2
17,31
14,27
1,47
18,1
17,8
11,91
11,47
16,2
13,207
16,48
6,7
20,3
17,7
20,7
19,15
18,146
18,8
19,5
17,1
19,7
9,15
9,13
18,17
19,1
16,2
13,267
1,6
1,9
2,12
3,11
3,8
4,11
12,1
19,5
18,15
9,13
3,13
20,1
19,89
14,11
18,14
11,43
8,11
20,4
20,1
20,1
20,1
13,1
4,5
18,49
11,5
14,1
9,12
20,180
18,6
12,344
16,1
13,28
13,71
20,222
10,9
11,18
20,7
20,17
18,2
19,11
20,5
15,12
19,53
19,106
12,10
20,1
4,26
5,6
15,1
2,14
19,173
12,9
15,15
13,1
18,8
15,111
11,13
6,2
10,8
18,13
14,22
15,4
11,1
3,1
18,33
20,7
20,21
18,36
19,15
18,6
19,17
20,7
12,1
15,10
18,11
4,25
13,2
19,1
20,3
15,35
5,15
9,19
17,10
20,22
19,18
20,13
11,1
17,4
13,2
10,1
14,9
20,15
14,79
18,4
12,36
12,54
15,16
16,1
18,20
20,24
12,3
14,1
18,1
15,27
18,72
11,1
20,1
9,16
16,25
20,8
14,109
12,1
6,1
6,2
9,16
15,14
15,132
15,83
9,2
9,1
14,1
19,2
12,57
18,8
16,25
10,25
10,18
18,18
12,16
18,80
13,1
1,10
18,46
14,25
17,34
13,1
11,28
19,1
16,1
14,1
2,4
5,565
18,19
19,6
8,10
18,75
14,48
20,29
18,13
15,8
16,10
11,100
15,88
16,1
10,23
13,2
14,43
15,1
11,18
12,7
15,83
12,19
19,11
15,71
18,42
9,11
2,1
15,55
9,18
20,30
11,39
5,23
11,13
2,22
4,8
18,3
18,6
3,10
13,39
11,1
12,1
20,1
12,45
20,8
18,3
20,29
18,6
11,5
10,9
18,9
10,11
12,210
18,10
20,7
20,15
18,46
10,15
9,28
15,21
4,9
15,5
17,19
11,1
11,12
10,86
11,6
19,42
18,4
18,1
15,1
9,22
13,33
18,3
15,3
13,9
20,31
13,33
20,10
19,13
18,24
18,13
19,46
17,3
4,16
9,11
16,12
16,1
9,18
14,16
15,7
12,1
3,15
19,4
18,22
20,36
20,2
20,4
12,14
20,14
5,3
17,1
20,2
20,2
10,90
15,12
9,12
14,98
20,32
20,1
10,132
13,129
15,192
15,2
4,47
6,36
15,12
18,20
19,3
20,20
11,26
20,88
20,6
6,11
4,3
4,1
13,2
10,78
18,50
14,12
14,1
17,67
19,8
19,7
18,2
16,1
9,6
8,1
13,38
16,1
18,279
12,23
13,1
15,3
19,3
20,1
9,3
1,2
19,100
15,2
10,1
18,10
15,18
13,119
13,1
11,1
15,11
16,1
17,14
17,19
4,37
11,6
17,1
8,84
12,48
15,14
9,1
18,3
4,1
3,13
13,6
14,27
12,150
2,2
18,12
6,6
10,16
20,501
18,17
3,1
11,2
16,51
1,1
18,1
13,34
15,95
15,1
12,1
20,176
14,2
14,22
17,360
11,120
14,7
15,12
9,21
18,47
12,2
12,76
15,23
15,35
17,1
3,8
5,12
17,169
3,5
13,89
3,10
15,8
20,1
20,14
18,77
12,12
18,56
13,199
14,10
16,17
18,11
20,3
13,6
18,1
3,3
19,2
10,8
11,12
10,94
8,18
20,40
12,34
5,16
17,31
14,1
20,10
14,20
20,8
15,46
11,51
18,33
18,31
18,23
14,1
2,5
11,29
15,5
20,64
12,64
18,10
19,10
12,4
12,40
18,8
18,27
18,18
10,2
12,13
13,57
13,50
19,132
17,29
12,30
11,62
11,8
19,46
18,13
14,9
11,17
17,6
19,98
4,9
14,51
19,8
10,11
12,7
15,2
11,36
13,22
17,6
11,32
10,1
1,5
4,8
17,1
18,15
20,20
18,34
2,18
11,18
10,9
4,34
20,60
5,25
20,14
13,5
10,16
19,13
8,11
9,1
12,1
11,88
16,47
15,4
19,93
19,130
18,6
20,1
18,13
12,4
13,1
17,55
18,12
5,6
17,60
19,30
18,19
12,32
3,9
14,2
15,1
18,64
20,1
5,12
16,9
13,19
15,6
11,15
18,8
11,17
10,5
10,14
7,50
12,1
15,1
18,24
13,85
10,2
13,13
16,2
17,7
11,7
15,1
18,19
15,12
13,1
4,15
17,197
20,1
10,1
10,1
10,1
10,1
16,122
15,49
18,10
17,18
14,35
19,9
17,19
18,24
20,12
15,8
14,23
11,23
8,3
14,11
11,22
15,2
19,66
7,23
10,5
15,22
18,14
19,16
4,1
12,422
19,36
10,19
11,1
16,22
19,16
11,6
12,17
16,15
18,40
18,33
20,1
20,1
20,14
4,13
15,60
11,1
17,1
10,48
20,35
15,2
10,1
13,1
15,16
16,1
17,24
17,28
9,23
9,8
2,32
13,1
18,7
14,10
14,17
13,2
11,1
4,3
17,37
20,1
11,1
18,65
20,20
19,115
17,1
18,14
10,10
20,31
11,81
15,42
19,45
11,13
19,224
16,310
13,2
12,11
19,18
20,35
14,45
11,37
14,4
18,5
15,68
10,9
13,25
20,1
5,7
13,48
19,54
14,8
10,17
15,48
18,13
19,8
17,55
18,10
19,22
15,55
11,19
12,12
18,89
12,2
18,2
11,42
18,38
6,45
14,13
20,48
12,4
20,2
11,13
18,55
18,15
12,22
3,18
18,13
15,34
15,20
19,8
11,8
16,20
13,11
9,130
18,10
2,38
18,10
3,7
13,65
16,135
14,131
9,1
15,6
20,8
19,7
6,15
16,5
20,15
13,9
18,12
20,2
17,35
18,20
19,67
17,270
1,18
3,23
4,10
16,1
18,4
12,35
2,8
13,9
20,19
1,7
20,62
15,1
12,21
12,21
20,2
13,25
12,210
15,135
20,37
17,20
17,150
19,2
18,24
20,1
20,-8
5,11
19,22
15,1
15,1
17,1
18,1
14,5
14,2
16,3
11,2
12,16
11,46
3,4
20,9
16,1
13,16
11,17
11,20
15,8
15,15
20,18
15,25
20,1
4,22
13,56
18,13
14,51
15,1
17,3
20,2
13,20
11,22
14,1
20,1
1,12
6,1
10,30
12,106
14,48
15,2
15,26
16,2
10,12
11,78
14,27
20,12
17,69
8,23
20,1
19,1
9,1
17,3
19,6
20,17
19,6
17,29
17,1019
5,24
20,193
13,1
10,8
19,595
10,61
14,20
8,18
12,15
18,1
4,2
20,16
12,24
14,1
17,13
19,1
15,1
6,1
18,15
15,760
15,1
12,1
18,1
18,23
8,6
14,15
18,12
12,94
13,1
12,14
20,25
10,11
15,1
17,40
20,8
9,24
14,17
18,34
18,9
20,227
20,22
13,1
17,1
1,1
13,1
13,2
12,17
20,3
13,5
10,1
20,2
4,1
13,2
19,5
4,26
20,21
12,38
13,6
2,40
20,9
15,140
20,4
20,3
17,5
19,31
20,2
15,19
10,11
13,2
11,23
15,29
13,1
15,56
20,142
12,19
12,16
18,21
15,17
16,27
9,12
18,32
20,11
14,28
5,6
13,15
17,33
19,6
20,26
19,7
12,68
19,1
5,17
18,22
11,2
14,16
8,10
20,3
20,44
7,9
18,71
12,21
18,18
20,47
9,43
5,8
18,3
20,8
13,27
2,3
18,42
5,17
12,1
19,4
18,3
20,17
16,31
13,60
15,11
18,35
11,1
11,28
11,9
10,5
18,3
15,20
19,3
14,12
13,1
15,6
16,1
16,4
16,4
12,17
16,5
19,3
10,26
20,2
18,5
20,9
19,11
14,7
18,10
17,23
12,3
13,30
20,1
20,1
18,9
10,16
15,1
14,1
14,21
17,4
12,159
15,2
18,3
15,15
18,16
1,4
20,90
12,1
13,4
12,6
19,2
13,65
11,11
18,18
2,12
1,1
15,24
15,37
18,11
4,5
5,8
13,87
15,26
10,66
11,44
5,1
20,11
14,14
15,15
15,2
4,3
13,21
9,3
15,29
20,4
19,13
18,55
15,42
14,33
14,75
15,13
15,14
3,1
12,368
17,14
13,181
10,11
20,120
16,5
14,12
6,16
12,2
14,34
18,30
19,64
20,3
13,1
15,1
15,13
16,291
20,3
20,45
12,22
12,19
4,12
9,2
10,57
13,42
14,10
17,9
17,250
13,386
14,34
10,17
4,80
14,9
17,28
4,6
11,18
12,12
11,1
6,13
19,1
6,1
15,380
6,5
12,1
14,1
18,2
13,22
18,14
4,1
11,1
17,1
13,2
17,1
18,5
15,80
16,16
19,5
15,12
18,76
10,32
20,48
10,31
18,53
12,76
20,52
4,38
8,10
11,14
18,155
3,16
13,1
10,12
20,16
13,1
9,14
5,24
18,24
3,27
15,35
3,11
12,82
19,40
3,27
20,50
5,5
8,22
18,19
1,17
5,19
18,12
6,63
10,67
19,8
10,2
13,15
15,4
12,16
12,10
4,1
20,10
12,42
1,2
13,11
13,64
20,20
14,20
18,13
15,156
13,4
20,9
14,3
19,44
15,13
17,31
20,1
18,5
18,1
18,1
15,6
15,2
18,11
13,1
18,9
2,20
20,15
19,6
1,16
1,5
3,43
10,6
15,2
18,3
15,211
11,20
20,5
20,7
20,15
18,13
17,18
13,31
20,11
8,11
3,13
3,3
11,66
19,95
13,5
18,10
13,3
20,4
5,12
10,12
15,29
13,1
18,4
15,2
1,4
16,4
12,1
20,103
15,6
14,10
10,1
3,10
10,54
9,30
11,13
19,12
18,1
15,5
3,4
12,2
17,1
13,1
7,20
12,90
14,13
15,101
4,37
4,24
5,37
3,7
14,97
15,57
20,41
16,140
11,3
18,9
12,3
1,11
17,3
19,2
13,24
19,6
20,76
11,52
19,15
10,29
12,34
15,101
17,1
13,92
19,54
6,7
5,1
3,18
16,307
10,8
10,43
13,100
15,28
20,1
3,39
15,32
14,17
8,22
14,58
14,42
18,2
18,16
1,2
16,25
10,67
15,17
17,31
19,164
12,6
9,20
6,1
12,12
17,1
9,3
12,2
18,1
4,9
13,15
15,1
13,1
18,18
15,19
13,75
10,2
15,23
11,19
14,158
17,1
16,316
8,1
18,13
17,23
20,69
20,16
18,34
14,10
13,5
18,1
18,2
20,21
18,17
13,1
15,39
20,30
1,1
15,10
19,6
18,17
11,12
11,16
18,22
5,23
11,57
12,1
15,26
11,23
18,242
16,10
9,1
19,6
15,16
13,1
4,1
12,249
20,73
4,13
18,5
6,55
11,3
9,24
9,18
15,91
11,40
18,17
20,11
18,77
20,3
17,64
19,88
14,24
10,19
5,9
12,17
14,23
15,48
20,47
11,6
8,57
12,30
18,6
14,52
15,126
15,7
16,15
20,12
7,22
15,16
15,218
20,1
13,41
18,7
10,1
15,14
11,189
10,15
20,2
13,100
4,13
18,8
13,28
2,21
12,11
2,2
19,23
4,22
14,15
14,30
13,2
15,2
19,9
1,5
3,15
3,9
4,5
11,22
18,2
10,12
12,28
13,230
9,18
19,48
15,10
12,30
15,16
11,17
13,165
11,1
2,43
9,4
12,21
20,12
20,37
13,46
14,120
18,24
4,6
20,31
12,2
17,4
15,12
18,16
20,1
20,2
15,88
20,77
18,6
15,7
1,28
9,10
19,11
13,14
20,6
20,2
10,14
13,1
15,2
15,1
16,1
20,23
17,40
19,5
17,103
17,89
18,18
20,1
13,225
9,23
18,16
19,14
18,1
15,1
18,85
19,8
20,53
20,5
20,26
11,4
19,198
17,29
20,1
12,140
13,64
18,13
6,21
8,17
11,1
13,1
19,2
11,41
9,1
18,240
15,68
17,2
7,10
18,7
19,21
19,5
9,3
17,16
19,51
12,1
10,1
14,38
13,52
2,8
15,8
10,6
5,1
6,1
17,6
9,9
15,2
18,2
11,2
18,1
20,1
17,64
20,4
20,1
11,2
11,12
20,103
20,1
15,5
17,1
19,14
18,19
12,1
18,7
20,1
17,1
20,13
13,1
13,1
14,1
15,47
18,6
14,7
13,1
11,26
14,22
10,20
5,17
3,5
2,3
14,5
18,4
19,6
20,9
18,52
12,31
10,16
1,23
13,1
8,6
6,25
12,15
15,9
18,41
18,12
9,1
20,22
10,8
9,15
5,57
9,25
11,28
3,75
18,15
19,6
20,4
13,48
16,23
12,416
1,4
17,45
7,37
15,10
18,10
14,7
18,10
19,80
15,6
11,10
12,3
13,24
9,27
19,100
11,12
15,16
15,20
19,9
12,18
4,4
15,5
13,8
10,30
19,13
17,7
10,10
10,23
17,12
17,1
20,10
18,22
18,10
18,7
18,3
16,2
17,15
13,6
13,1
18,19
15,1
13,1
14,24
18,35
15,89
1,15
18,6
20,2
14,10
18,12
18,12
20,2
20,7
6,12
15,14
18,14
19,22
17,2
20,3
19,184
15,22
15,13
11,4
13,1
15,17
19,22
15,127
15,17
18,2
15,4
17,1
12,60
12,35
14,1
16,22
9,6
20,1
12,31
20,54
11,25
19,7
20,12
20,18
2,4
17,2
4,93
9,48
17,14
19,12
20,19
13,6
12,2
20,59
15,7
16,1
18,1
20,5
15,1
14,8
13,17
17,140
20,56
18,3
19,131
17,63
2,13
4,1
13,1
15,11
10,1
19,1
12,5
19,221
5,33
20,10
10,1
14,29
19,13
11,2
11,12
14,14
3,4
10,15
15,28
20,6
18,44
14,22
14,6
20,115
20,6
10,7
11,1
12,139
19,2
9,1
12,1
18,6
20,1
1,17
14,6
19,20
17,18
18,7
13,12
18,63
15,8
17,14
5,24
9,2
15,1
15,17
20,17
15,287
10,12
13,9
12,27
13,60
13,116
15,1
20,1
13,1
20,2
19,4
20,3
18,1
11,1
13,4
17,30
18,59
20,12
11,20
20,39
13,5
1,14
15,1
15,14
17,5
20,17
19,1
18,39
4,10
14,10
20,1
16,4
18,13
15,2
12,87
13,1
11,5
15,2
20,52
15,44
19,314
17,34
11,27
15,28
11,36
14,45
19,76
15,44
2,6
2,6
19,165
20,2
13,4
19,51
7,6
11,82
18,7
19,50
10,2
20,20
17,40
2,2
20,4
15,13
10,17
17,277
2,15
12,3
4,15
18,8
18,39
11,46
11,6
18,28
3,2
16,16
13,1
17,29
12,23
7,20
18,22
20,5
2,11
15,1
16,3
19,18
20,9
9,71
11,26
12,12
1,12
1,9
1,5
4,15
4,5
18,25
17,2
18,12
17,50
18,17
5,1
11,1
15,1
18,36
18,1
15,1
18,80
3,8
9,20
20,42
10,61
18,46
8,35
1,50
17,46
13,24
18,7
18,16
15,2
11,16
16,1
5,1
9,1
16,1
17,3
13,20
15,9
15,8
1,8
15,24
16,6
14,189
17,14
18,12
5,32
9,29
15,103
17,20
18,14
13,138
15,7
17,54
15,16
17,11
20,20
12,9
16,1
2,17
3,58
4,1
11,33
13,60
16,295
17,138
19,32
19,30
10,1
20,4
10,2
4,7
10,55
15,3
3,57
15,104
18,41
20,20
17,30
9,13
11,5
5,2
13,1
15,8
14,220
15,1
18,10
12,47
13,2
15,25
6,1
19,1
9,1
12,1
5,37
12,17
14,6
15,14
20,1
18,55
14,55
11,14
13,2
9,1
11,1
11,4
10,1
16,2
19,2
10,35
16,61
10,1
18,25
19,55
20,5
20,1
20,14
11,20
20,8
15,17
20,17
12,239
13,1
18,11
12,10
11,1
18,62
18,9
12,65
16,22
13,1
12,20
20,1
18,7
15,1
11,11
15,15
19,12
2,4
13,1
3,11
1,6
11,3
12,7
13,1
20,5
16,1
20,43
15,25
15,9
13,25
19,12
14,10
11,19
8,52
9,1
20,86
13,78
20,3
11,20
16,23
13,46
11,78
11,12
18,24
16,1
18,6
15,48
19,94
19,11
17,2
9,24
20,13
19,105
18,19
7,10
15,30
11,6
19,2
18,44
10,43
20,19
20,5
2,22
11,10
12,32
8,6
11,12
18,3
15,64
13,10
11,24
13,20
18,5
17,1
18,11
10,4
10,8
12,23
13,48
18,4
18,7
17,6
18,3
1,10
3,11
19,7
14,15
15,38
20,22
17,3
20,1
18,19
15,6
13,30
4,56
20,11
9,19
19,17
17,1
10,21
2,5
20,3
11,3
20,87
16,1
1,14
17,100
14,66
20,19
18,11
19,36
20,30
16,1
18,2
18,3
20,2
11,20
15,9
17,21
18,52
17,1
1,8
18,26
11,26
14,104
15,86
13,1
10,11
18,16
20,11
13,375
20,47
12,8
18,1
13,1
20,22
17,10
3,2
10,30
20,5
19,3
13,1
16,1
11,16
16,634
18,1
10,1
10,14
13,1
20,8
11,4
15,11
14,2
17,12
20,6
7,1
15,1
13,210
12,12
16,10
19,1
3,30
12,2
18,12
14,23
13,6
18,25
4,16
15,1
11,64
20,1
19,44
10,2
10,10
17,20
18,6
15,9
19,159
14,10
15,150
19,14
8,52
11,1
11,36
19,5
2,19
17,1
14,16
6,42
13,53
13,2
12,1
14,50
11,5
14,72
19,6
14,8
20,14
20,1332
20,30
15,25
10,1
13,1
13,1
12,23
18,135
8,25
15,51
12,96
18,46
20,100
13,2
14,8
13,23
15,5
9,15
12,10
20,1
4,16
12,14
18,7
19,1
12,110
5,23
6,8
20,12
18,26
18,18
11,9
10,3
18,70
10,17
14,35
11,29
17,22
8,94
10,28
12,42
13,168
18,300
15,44
11,7
11,13
20,1
13,9
5,13
11,6
18,9
20,37
16,18
19,56
18,19
18,42
19,4
20,49
20,17
10,5
15,176
19,30
10,7
19,5
8,10
14,200
20,3
15,48
11,56
18,19
20,1
15,20
11,38
9,6
18,3
20,6
15,13
10,1
14,16
3,1
18,5
17,31
13,1
18,33
15,15
18,8
14,14
14,1
18,19
17,22
11,10
15,141
13,2
10,22
20,9
17,7
10,69
16,37
10,25
13,1
1,4
1,6
3,8
12,1
18,1
20,3
18,32
20,19
18,54
18,13
4,37
20,24
15,37
3,12
13,1
15,1
20,2
11,31
11,4
11,3
19,8
18,19
13,4
10,3
18,1
18,10
9,14
11,4
4,15
18,20
9,5
20,60
17,2
15,3
18,24
10,7
14,12
19,65
18,38
18,8
13,64
1,24
13,1
20,6
10,70
20,47
14,56
11,105
20,15
4,9
4,95
5,33
15,27
17,22
20,8
13,1
20,4
17,48
4,70
13,1
14,13
17,19
20,390
18,31
12,1
13,104
12,2
15,36
15,1
17,79
19,30
18,10
13,1
15,12
9,12
9,22
15,1
20,74
12,33
20,79
17,5
14,225
17,41
13,100
11,10
17,1
13,1
20,1
12,202
14,94
17,12
15,7
17,1
8,23
11,1
12,112
15,1
20,1
10,10
12,1136
14,13
18,40
10,1
11,5
12,4
13,433
18,11
18,2
4,2
11,26
19,226
10,51
2,1
12,2
20,7
20,39
18,2
20,138
15,3
11,84
18,7
10,1
16,41
13,405
13,833
11,1
12,42
18,12
12,20
18,152
20,7
18,49
16,1
17,1
17,2
13,1
19,1
10,18
17,32
12,55
18,8
12,1
18,22
1,6
13,3
11,16
10,19
15,28
11,36
5,12
13,12
16,1
11,1
12,23
11,12
19,23
10,2
17,5
18,13
13,1
15,30
13,143
6,6
15,7
10,59
8,14
17,18
20,34
19,1
18,6
19,20
19,21
17,6
10,24
17,29
6,8
17,11
18,4
19,49
2,8
11,43
10,17
12,80
15,8
9,17
18,6
19,6
19,5
12,9
19,400
3,8
18,25
18,5
10,31
9,17
20,10
19,7
10,1
18,19
17,30
20,2
11,4
18,17
19,2
13,20
12,24
12,26
8,35
11,5
1,15
20,4
15,58
20,8
14,22
13,54
9,1
1,2
9,48
20,18
12,62
11,18
17,10
1,17
1,10
4,12
15,127
14,15
20,3
18,2
20,10
20,23
16,10
20,10
11,30
9,7
15,1
19,37
10,15
15,26
3,3
15,30
11,1
20,2
18,4
12,1
13,34
18,18
20,200
8,17
17,1
20,47
17,1
10,32
12,10
19,84
18,20
17,1
11,14
19,128
18,8
12,27
4,4
12,1
15,27
15,2
15,30
11,22
18,20
18,3
13,182
13,1
15,20
13,1
20,18
20,50
11,1
11,1
12,1
13,4
13,10
17,19
20,121
17,48
18,15
11,1
17,2
5,30
12,1
13,94
9,29
13,21
15,14
17,151
17,33
13,5
17,6
10,1
10,1
5,90
20,1
11,12
18,19
17,9
17,9
18,6
20,150
11,17
15,1
18,1
10,15
11,1
11,1
13,145
9,6
19,18
19,1
16,34
12,1
1,1
1,1
3,1
10,1
10,21
2,1
9,1
13,140
20,26
10,13
13,103
13,5
11,60
14,16
12,114
5,22
13,6
12,14
11,10
20,12
17,17
11,104
18,26
20,18
13,15
20,24
20,43
1,6
17,90
4,3
14,82
8,12
13,1
12,1
15,45
12,3
8,5
11,16
18,17
20,22
20,73
13,2
18,32
6,28
9,22
4,7
15,34
11,47
12,62
19,18
20,6
10,28
14,38
19,8
15,18
9,7
20,19
3,16
10,13
16,5
15,45
14,14
18,5
14,4
19,83
15,14
16,27
20,21
18,8
11,53
19,268
9,11
12,82
11,22
10,26
13,51
3,29
11,18
15,6
14,10
20,10
14,124
7,66
11,4
10,83
3,8
13,20
18,5
11,3
15,15
14,12
18,7
3,6
19,21
20,4
20,18
18,3
15,1
1,1
14,6
12,35
12,202
8,26
16,3
19,1
4,11
13,182
20,21
17,1
20,5
14,65
5,192
4,6
12,2
20,1
19,90
15,3
13,10
13,10
17,12
16,123
19,102
2,5
17,1
20,10
15,10
5,1
20,1
11,8
20,8
18,27
11,11
11,54
16,1
4,17
13,92
15,49
17,123
20,4
20,1
20,11
8,2
20,28
11,9
11,119
19,79
18,35
16,58
17,50
5,1
8,53
9,17
14,1
15,2
16,248
18,81
20,10
14,21
12,12
19,106
17,74
20,20
17,79
14,7
10,1
17,1
19,47
16,1
15,141
4,1
5,15
12,79
15,6
15,1
17,42
11,11
18,5
20,10
15,1
20,24
13,14
12,24
17,14
20,404
12,14
11,13
18,9
16,1
20,1
15,14
19,1
17,16
18,28
15,17
5,1
11,13
11,1
17,7
18,2
11,66
17,5
14,35
18,28
11,1
1,34
13,457
17,1
17,1
3,15
14,15
13,1
10,30
20,29
13,2
13,2
14,1
13,2
14,76
13,2
13,3
4,12
18,1
20,16
13,9
9,1
20,80
13,146
18,138
20,21
13,1
17,1
19,41
17,19
14,1
19,20
15,16
14,7
10,86
18,11
17,12
18,18
4,10
14,18
13,1
7,4
20,48
15,32
20,8
20,1
12,14
20,4
3,47
12,4
3,38
13,50
18,25
11,28
4,13
15,127
12,13
20,1
5,10
12,48
11,9
20,49
10,59
18,1
19,9
19,1
11,17
11,9
13,47
11,41
10,17
19,10
11,1
18,12
13,23
11,16
11,15
10,10
11,79
4,9
20,14
13,2
15,43
11,18
17,3
8,8
13,11
10,17
11,6
19,41
18,10
18,40
14,4
15,1
15,39
10,1
14,15
10,19
7,14
12,128
18,24
15,16
18,6
19,104
18,15
12,1
3,6
4,10
4,8
4,7
17,2
11,1
19,142
11,14
17,18
17,4
16,51
13,14
15,10
20,1
20,3
14,12
15,5
20,7
15,1
19,16
18,80
13,60
10,22
18,25
15,30
20,22
18,9
12,9
13,91
16,2
4,45
15,118
18,13
11,15
17,32
4,36
5,12
6,20
19,2
19,30
12,4
10,35
15,60
1,20
3,13
11,15
16,1
17,74
15,44
18,49
20,9
20,23
19,10
20,2
10,37
11,1
13,10
16,40
16,87
18,103
12,23
10,17
10,1
15,8
19,30
4,21
10,10
15,1
6,12
16,38
13,240
17,6
13,55
15,1
19,15
1,14
6,8
11,60
13,95
17,13
20,12
19,1
15,16
13,7
6,4
18,3
15,1
20,1
11,1
18,26
20,3
15,1
18,25
18,139
12,9
13,152
14,283
15,17
18,20
13,3
19,11
19,4
13,2
18,1
7,13
12,1
11,2
3,40
20,19
13,1
7,10
18,17
12,33
12,54
19,24
20,139
19,27
10,1
1,1
17,12
11,7
13,1
5,32
14,69
15,144
18,128
18,23
16,15
12,122
19,22
13,1
16,2
15,17
20,25
15,18
9,49
12,44
9,13
5,91
18,100
19,17
18,21
13,20
18,14
7,1
19,16
18,44
19,16
15,178
18,67
9,13
18,14
14,100
18,10
15,11
4,16
18,24
16,22
12,17
15,3
18,3
13,9
15,11
20,17
11,6
13,102
10,6
13,52
18,8
13,2
19,1
9,15
14,47
17,34
10,11
18,3
10,24
18,30
17,92
15,54
20,3
19,9
9,9
6,23
16,1
3,16
1,25
18,8
3,4
12,28
5,7
20,4
13,77
20,8
13,27
15,54
2,10
18,22
10,6
11,40
13,37
1,5
1,5
3,4
3,12
17,74
10,35
10,171
18,8
13,52
17,62
4,20
17,1
3,11
19,13
14,67
20,21
16,1
14,4
10,8
18,45
13,1
11,2
19,78
19,7
18,12
19,24
6,70
15,1
16,2
13,73
18,8
19,93
13,15
20,25
20,1
9,15
20,14
15,81
13,1
17,1
9,6
1,1
12,8
20,21
11,1
15,1
13,153
17,25
13,14
17,2
19,132
1,1
8,1
14,36
16,33
3,2
5,10
18,15
2,14
9,34
18,39
12,51
19,110
15,1
18,14
17,6
3,54
10,13
12,13
20,4
18,4
10,9
20,1
15,1
10,1
12,1
11,24
13,74
11,29
12,91
17,529
13,15
14,13
11,2
11,6
16,18
20,9
12,47
18,14
3,19
2,2
12,10
18,10
15,8
9,15
7,251
14,100
4,1
4,1
6,1
6,2
6,8
6,3
10,106
15,12
10,2
18,1
20,15
10,13
13,1
17,1
13,36
17,1
17,4
17,2
11,6
14,1
20,7
14,34
20,7
13,1
11,22
9,16
15,101
17,6
20,20
12,8
14,8
18,222
3,20
17,8
13,13
11,1
14,95
18,19
12,35
17,4
5,1
10,16
15,17
19,7
18,35
18,23
11,3
15,51
18,11
20,29
10,31
18,5
19,1
10,17
18,12
2,18
18,5
12,154
18,5
20,16
15,20
14,192
19,1
13,34
18,56
13,9
5,6
17,43
1,21
19,69
12,11
11,14
20,105
9,10
18,3
10,33
13,4
19,35
1,13
12,1
15,6
17,1
20,18
11,12
18,19
15,127
19,3
11,7
18,3
18,4
15,30
9,34
5,32
10,20
18,11
18,9
18,1
15,1
10,33
11,4
12,22
12,25
19,27
12,1
2,2
4,12
18,35
11,20
13,25
20,25
12,4
19,40
19,30
15,1
12,37
11,20
17,3
18,1
13,1
13,1
18,5
11,21
19,17
12,36
14,74
18,5
20,4
19,43
2,4
20,33
13,1
20,15
19,151
13,2
13,36
14,10
9,20
16,30
13,140
11,79
17,19
11,77
12,92
12,1
18,8
13,163
19,196
15,150
5,1
20,68
19,35
16,1
13,16
13,1
10,5
17,39
15,8
20,2
7,1
5,16
13,35
9,1
19,73
9,1
16,1
19,2
4,55
14,53
16,55
10,95
18,9
12,63
18,20
5,23
18,14
18,40
12,67
5,9
18,16
18,60
20,253
18,2
20,14
5,10
17,1
20,5
14,257
13,47
12,14
14,71
19,42
18,5
9,17
13,2
17,18
12,48
18,18
9,28
11,9
10,11
20,34
15,23
9,4
12,1
18,1
15,256
13,8
12,60
18,12
13,81
10,29
15,1
6,19
16,1
17,1
10,2
20,20
10,30
4,82
11,27
13,1
13,1
15,1
18,11
12,17
17,1
17,7
19,8
20,87
18,61
2,13
20,16
5,25
4,1
13,2
2,5
11,41
15,18
20,60
20,4
20,36
14,1
17,29
20,11
15,78
7,18
10,22
11,13
10,2
14,20
19,19
20,16
18,69
12,39
13,84
11,52
13,15
20,13
16,22
20,5
17,16
17,25
20,4
19,24
14,21
15,7
10,1
11,45
18,243
15,112
11,18
18,4
18,6
12,32
8,13
18,6
3,14
3,10
19,173
19,187
11,2
18,20
18,7
20,2
18,26
20,6
9,10
11,32
9,13
17,49
20,30
11,54
18,8
14,344
15,5
19,12
20,126
10,25
15,29
9,84
15,28
17,11
11,24
12,25
13,42
1,7
3,5
19,1
18,18
20,4
15,11
20,14
20,1
17,40
17,16
17,4
19,52
15,4
18,1
12,65
17,11
13,230
15,3
14,12
13,16
16,53
11,19
15,10
18,1
11,17
20,4
19,2
20,18
6,1
5,1
20,49
4,7
8,18
16,29
1,5
11,17
14,112
12,24
10,1
19,147
10,14
10,14
13,1
18,1
19,15
10,14
16,1
14,8
11,2
15,23
13,1
16,2
4,15
12,8
19,12
19,6
20,129
10,3
9,12
14,1
20,9
16,2
20,1
12,21
13,1
20,24
11,16
11,49
11,1
12,1
17,1
20,36
17,111
19,73
1,11
20,61
20,1
5,89
19,50
19,14
10,1
13,3
13,1
10,1
14,18
14,7
10,14
11,55
14,1
19,9
20,207
20,25
17,19
19,1
9,1
10,28
12,3
3,1
20,22
18,9
13,6
19,112
11,38
18,1
15,114
15,55
17,19
15,24
19,93
18,1
11,202
18,75
13,15
11,16
19,3
15,27
18,11
19,2
6,21
13,75
13,2
19,4
20,35
14,68
20,1
13,1
12,1
15,89
17,2
18,10
13,1
18,6
17,6
17,41
13,15
12,81
16,22
15,90
17,19
18,12
11,29
11,16
18,1
3,8
14,14
15,23
19,16
3,3
15,20
5,33
11,9
20,15
6,48
18,16
12,32
20,50
13,1
5,16
15,3
17,12
3,10
10,9
15,33
12,18
12,12
14,64
12,24
13,103
13,99
18,16
6,5
19,21
2,30
10,9
2,11
10,48
13,30
13,29
9,139
9,22
9,9
10,45
19,4
13,32
2,27
18,42
10,16
9,4
13,5
10,26
14,4
13,76
20,44
12,5
17,18
15,17
10,3
3,21
18,25
18,18
18,10
15,16
12,1
6,15
14,206
12,6
20,2
19,166
18,12
5,14
14,16
19,9
12,12
4,3
19,9
20,9
20,240
20,5
19,8
15,7
19,29
17,9
11,9
11,10
18,84
12,1
16,1
1,10
3,8
4,7
18,7
10,7
15,175
19,27
16,1
17,3
14,53
20,8
13,164
13,35
13,21
19,2
18,1
10,90
3,15
13,2
18,7
13,2
20,1
15,24
9,19
20,19
14,8
18,1
11,12
18,4
3,28
7,6
20,64
14,11
16,38
17,146
13,1
3,11
6,71
19,4
18,3
16,37
18,12
8,31
9,6
13,1
18,15
12,36
13,12
19,11
5,1
13,1
9,18
20,9
1,96
12,1
13,75
16,1
16,34
19,20
20,40
15,24
18,9
17,2
2,1
11,1
11,85
15,53
10,21
11,2
18,114
19,1
15,1
20,1
14,47
10,1
17,1
20,30
11,6
13,78
13,160
17,3
20,4
11,25
14,8
19,2
19,13
12,248
14,142
14,1
19,3
13,154
12,22
12,20
8,11
20,1
2,5
14,24
8,2
17,16
13,106
16,55
15,23
11,8
14,100
10,30
6,2
20,5
18,268
18,1
2,1
2,1
11,45
11,2
15,1
18,26
16,58
19,16
8,4
9,44
17,1
17,83
7,115
14,7
15,117
15,7
17,1
20,21
11,26
13,2
19,20
12,28
20,99
17,37
14,56
20,85
11,18
4,50
11,2
17,1
19,44
17,1
18,69
15,16
20,1
20,73
14,31
18,2
15,17
17,1
8,23
20,1
14,38
15,3
15,29
12,47
20,4
7,11
17,39
